subject,n_epochs,split_A,split_B,M2_cv_elpd,M3_cv_elpd,delta_elpd_M3_minus_M2,M3_better,max_embedding_score_error,min_M2_minus_M3_training_gap,transfer_identity_max_abs_error
sub-001,45,22,23,534.9389173523753,534.9323886905204,-0.006528661854872553,0,1.1368683772161603e-13,0.0043018040950073555,1.0228342838563028e-18
sub-002,45,22,23,525.1332647558456,525.1279568947859,-0.005307861059691277,0,0.0,0.0044691302039154834,1.0228342838563028e-18
sub-003,49,24,25,562.2608976093909,562.2454138769929,-0.015483732398024586,0,1.1368683772161603e-13,0.005905161086730004,1.0228342838563028e-18
sub-004,45,22,23,530.4843677126871,530.4763254413199,-0.008042271367230569,0,2.2737367544323206e-13,0.005799530449507984,1.0228342838563028e-18
sub-005,45,22,23,549.4269338878458,549.4102299158264,-0.01670397201939977,0,0.0,0.01611719232823816,1.0228342838563028e-18
sub-006,44,22,22,549.5381450276766,549.5362735602889,-0.0018714673876729648,0,1.1368683772161603e-13,0.0010817463394232618,1.0228342838563028e-18
sub-007,46,23,23,547.6629551908468,547.6356219068493,-0.027333283997450053,0,0.0,0.027069133074064666,1.0228342838563028e-18
sub-010,45,22,23,529.6686159205874,529.6639632318347,-0.004652688752685208,0,0.0,0.0037724921742210427,1.0228342838563028e-18
sub-011,43,21,22,537.7552216572434,537.7520413157108,-0.0031803415325839524,0,0.0,0.0030248958578340535,1.0228342838563028e-18
sub-014,44,22,22,526.8656939230023,526.787055394863,-0.07863852813920857,0,0.0,0.01672887777476717,1.0228342838563028e-18
sub-015,45,22,23,541.6815004201651,541.672973982794,-0.00852643737107428,0,1.1368683772161603e-13,0.007939742479379674,1.0228342838563028e-18
sub-016,51,25,26,532.4618122032765,532.4577001632074,-0.004112040069117029,0,1.1368683772161603e-13,0.00420453299386736,1.0228342838563028e-18
sub-017,43,21,22,562.1437088435754,562.1419681710981,-0.0017406724772399684,0,1.1368683772161603e-13,0.002078998071510796,1.0228342838563028e-18
sub-018,43,21,22,538.8541999582649,538.8078256704601,-0.04637428780472419,0,0.0,0.014972890482681578,1.0228342838563028e-18
sub-019,44,22,22,547.7588594951989,547.7569263607315,-0.0019331344673219064,0,0.0,0.0015424582351215577,1.0228342838563028e-18
sub-020,45,22,23,561.9840396295384,561.9656440329537,-0.01839559658469625,0,0.0,0.01491875782369334,1.0228342838563028e-18
sub-021,44,22,22,533.5357050263746,533.5283864148157,-0.007318611558844168,0,0.0,0.004445474522299264,1.0228342838563028e-18
sub-022,44,22,22,530.3399791670719,530.3398360898709,-0.00014307720095985133,0,0.0,0.0019534188114676,1.0228342838563028e-18
sub-023,45,22,23,548.5389184116568,548.5165999807406,-0.022318430916243415,0,0.0,0.021421878766659574,1.0228342838563028e-18
sub-024,43,21,22,545.2158701110889,545.2168163303511,0.0009462192622322618,1,1.1368683772161603e-13,0.0006260194893457083,1.0228342838563028e-18
sub-025,47,23,24,533.626477965578,533.6230453838988,-0.0034325816792488695,0,0.0,0.002979720134476338,1.0228342838563028e-18
sub-028,45,22,23,558.8384996817748,558.8132697999574,-0.025229881817381283,0,0.0,0.024151791392341693,1.0228342838563028e-18
sub-029,43,21,22,553.3121019195992,553.3057679943524,-0.0063339252467358165,0,1.1368683772161603e-13,0.005413855634287756,1.0228342838563028e-18
sub-030,43,21,22,547.5325810965156,547.5259424263718,-0.006638670143843228,0,0.0,0.0059056476223986465,1.0228342838563028e-18
sub-031,43,21,22,529.9800667691629,529.971762357485,-0.008304411677954704,0,0.0,0.0030589815002031173,1.0228342838563028e-18
sub-032,43,21,22,528.0856567869985,528.0748557107459,-0.010801076252619168,0,0.0,0.009463897848149827,1.0228342838563028e-18
sub-033,44,22,22,522.2313050553873,522.2292178941786,-0.002087161208692123,0,1.1368683772161603e-13,0.0015591457291748156,1.0228342838563028e-18
sub-034,43,21,22,545.0278879064383,545.0281563387368,0.00026843229852602235,1,0.0,0.0009037459446972207,1.0228342838563028e-18
sub-035,44,22,22,557.0382299331422,557.0285760562026,-0.009653876939637485,0,0.0,0.013520169510343294,1.0228342838563028e-18
sub-036,43,21,22,530.97221468868,530.9655454724334,-0.006669216246564247,0,1.1368683772161603e-13,0.006602828518111892,1.0228342838563028e-18
sub-038,44,22,22,543.6687889343216,543.6654924991412,-0.003296435180345725,0,0.0,0.0029334159331710907,1.0228342838563028e-18
sub-039,41,20,21,539.9134552377684,539.9128195427265,-0.0006356950418648921,0,1.1368683772161603e-13,0.008223073418321292,1.0228342838563028e-18
sub-040,48,24,24,542.95771935165,542.9429359919833,-0.014783359666694196,0,0.0,0.013811440021754606,1.0228342838563028e-18
sub-042,36,18,18,518.5796698053932,518.5726678799062,-0.007001925486974869,0,0.0,0.002142975064998609,1.0228342838563028e-18
