subject,model,train,test,success,message,nit,nfev,train_score_normalized,heldout_score_normalized
sub-001,M2,A,B,True,CONVERGENCE: RELATIVE REDUCTION OF F <= FACTR*EPSMCH,74,1188,535.9507611828315,534.0105331200258
sub-001,M2,B,A,True,CONVERGENCE: RELATIVE REDUCTION OF F <= FACTR*EPSMCH,81,1320,534.0987553101508,535.8673015847246
sub-001,M3,A,B,True,CONVERGENCE: RELATIVE REDUCTION OF F <= FACTR*EPSMCH,50,408,535.9409257005208,534.0065279018099
sub-001,M3,B,A,True,CONVERGENCE: RELATIVE REDUCTION OF F <= FACTR*EPSMCH,37,294,534.0944535060557,535.8582494792307
sub-002,M2,A,B,True,CONVERGENCE: RELATIVE REDUCTION OF F <= FACTR*EPSMCH,84,1440,525.5442115798106,524.7402867294514
sub-002,M2,B,A,True,CONVERGENCE: RELATIVE REDUCTION OF F <= FACTR*EPSMCH,102,1716,524.7588187955216,525.5262427822399
sub-002,M3,A,B,True,CONVERGENCE: RELATIVE REDUCTION OF F <= FACTR*EPSMCH,39,282,525.5379232299913,524.7358862519968
sub-002,M3,B,A,True,CONVERGENCE: RELATIVE REDUCTION OF F <= FACTR*EPSMCH,90,840,524.7543496653177,525.5200275375751
sub-003,M2,A,B,True,CONVERGENCE: RELATIVE REDUCTION OF F <= FACTR*EPSMCH,73,1044,560.6901751166062,564.2331962028154
sub-003,M2,B,A,True,CONVERGENCE: RELATIVE REDUCTION OF F <= FACTR*EPSMCH,72,1224,564.5959466594114,560.2885990159665
sub-003,M3,A,B,True,CONVERGENCE: RELATIVE REDUCTION OF F <= FACTR*EPSMCH,37,378,560.681236041486,564.2259550746373
sub-003,M3,B,A,True,CONVERGENCE: RELATIVE REDUCTION OF F <= FACTR*EPSMCH,44,318,564.5900414983247,560.2648726793483
sub-004,M2,A,B,True,CONVERGENCE: RELATIVE REDUCTION OF F <= FACTR*EPSMCH,89,1428,533.2431587307801,528.2131126975559
sub-004,M2,B,A,True,CONVERGENCE: RELATIVE REDUCTION OF F <= FACTR*EPSMCH,99,1728,528.7826875766542,532.7556227278183
sub-004,M3,A,B,True,CONVERGENCE: RELATIVE REDUCTION OF F <= FACTR*EPSMCH,58,516,533.2283097291689,528.2098567775727
sub-004,M3,B,A,True,CONVERGENCE: RELATIVE REDUCTION OF F <= FACTR*EPSMCH,19,150,528.7768880462047,532.7427941050671
sub-005,M2,A,B,True,CONVERGENCE: RELATIVE REDUCTION OF F <= FACTR*EPSMCH,89,1464,550.0344789020143,548.8803720731295
sub-005,M2,B,A,True,CONVERGENCE: RELATIVE REDUCTION OF F <= FACTR*EPSMCH,92,1464,548.943513910965,549.9734957025622
sub-005,M3,A,B,True,CONVERGENCE: RELATIVE REDUCTION OF F <= FACTR*EPSMCH,66,636,550.0178014576919,548.8639444314998
sub-005,M3,B,A,True,CONVERGENCE: RELATIVE REDUCTION OF F <= FACTR*EPSMCH,40,456,548.9273967186367,549.9565154001531
sub-006,M2,A,B,True,CONVERGENCE: RELATIVE REDUCTION OF F <= FACTR*EPSMCH,14,192,550.7717558961638,548.4307090909783
sub-006,M2,B,A,True,CONVERGENCE: RELATIVE REDUCTION OF F <= FACTR*EPSMCH,68,1212,548.568907142553,550.645580964375
sub-006,M3,A,B,True,CONVERGENCE: RELATIVE REDUCTION OF F <= FACTR*EPSMCH,24,240,550.7706741498243,548.428679077096
sub-006,M3,B,A,True,CONVERGENCE: RELATIVE REDUCTION OF F <= FACTR*EPSMCH,39,354,548.5657521116067,550.6438680434818
sub-007,M2,A,B,True,CONVERGENCE: RELATIVE REDUCTION OF F <= FACTR*EPSMCH,93,1728,547.5331706472866,547.8077468351963
sub-007,M2,B,A,True,CONVERGENCE: RELATIVE REDUCTION OF F <= FACTR*EPSMCH,92,1656,547.8224813313078,547.5181635464971
sub-007,M3,A,B,True,CONVERGENCE: RELATIVE REDUCTION OF F <= FACTR*EPSMCH,21,162,547.5061015142126,547.7798762597066
sub-007,M3,B,A,True,CONVERGENCE: RELATIVE REDUCTION OF F <= FACTR*EPSMCH,63,474,547.7943473552776,547.4913675539922
sub-010,M2,A,B,True,CONVERGENCE: RELATIVE REDUCTION OF F <= FACTR*EPSMCH,58,984,527.5604448949206,532.7989087750069
sub-010,M2,B,A,True,CONVERGENCE: RELATIVE REDUCTION OF F <= FACTR*EPSMCH,87,1476,533.6352715650154,526.5383230661678
sub-010,M3,A,B,True,CONVERGENCE: RELATIVE REDUCTION OF F <= FACTR*EPSMCH,33,324,527.5566724027464,532.7940231651983
sub-010,M3,B,A,True,CONVERGENCE: RELATIVE REDUCTION OF F <= FACTR*EPSMCH,37,354,533.6293107244181,526.533903298471
sub-011,M2,A,B,True,CONVERGENCE: RELATIVE REDUCTION OF F <= FACTR*EPSMCH,93,1500,538.8028448430973,536.8468963403905
sub-011,M2,B,A,True,CONVERGENCE: RELATIVE REDUCTION OF F <= FACTR*EPSMCH,91,1608,536.9740756152019,538.6635469740963
sub-011,M3,A,B,True,CONVERGENCE: RELATIVE REDUCTION OF F <= FACTR*EPSMCH,39,354,538.7988278797799,536.8428729408055
sub-011,M3,B,A,True,CONVERGENCE: RELATIVE REDUCTION OF F <= FACTR*EPSMCH,70,600,536.971050719344,538.6612096906163
sub-014,M2,A,B,True,CONVERGENCE: RELATIVE REDUCTION OF F <= FACTR*EPSMCH,56,840,524.6660630893211,533.6978093854543
sub-014,M2,B,A,True,CONVERGENCE: RELATIVE REDUCTION OF F <= FACTR*EPSMCH,71,1344,536.7466286182853,520.0335784605502
sub-014,M3,A,B,True,CONVERGENCE: RELATIVE REDUCTION OF F <= FACTR*EPSMCH,37,318,524.6493342115464,533.6759060533973
sub-014,M3,B,A,True,CONVERGENCE: RELATIVE REDUCTION OF F <= FACTR*EPSMCH,50,444,536.7284302193257,519.8982047363287
sub-015,M2,A,B,True,CONVERGENCE: RELATIVE REDUCTION OF F <= FACTR*EPSMCH,43,780,542.6529980366763,540.7947747230179
sub-015,M2,B,A,True,CONVERGENCE: RELATIVE REDUCTION OF F <= FACTR*EPSMCH,83,1272,540.8861419965339,542.5682261173123
sub-015,M3,A,B,True,CONVERGENCE: RELATIVE REDUCTION OF F <= FACTR*EPSMCH,44,348,542.6439783390707,540.7867646635729
sub-015,M3,B,A,True,CONVERGENCE: NORM OF PROJECTED GRADIENT <= PGTOL,51,420,540.8782022540545,542.5591833020152
sub-016,M2,A,B,True,CONVERGENCE: RELATIVE REDUCTION OF F <= FACTR*EPSMCH,24,396,531.8085480926713,533.1655226580847
sub-016,M2,B,A,True,CONVERGENCE: RELATIVE REDUCTION OF F <= FACTR*EPSMCH,73,1284,533.2142904160894,531.7581017484683
sub-016,M3,A,B,True,CONVERGENCE: RELATIVE REDUCTION OF F <= FACTR*EPSMCH,59,504,531.8043435596775,533.1616635373483
sub-016,M3,B,A,True,CONVERGENCE: RELATIVE REDUCTION OF F <= FACTR*EPSMCH,40,306,533.2099508891824,531.7537367890666
sub-017,M2,A,B,True,CONVERGENCE: RELATIVE REDUCTION OF F <= FACTR*EPSMCH,121,2184,562.2069133642229,562.130058248945
sub-017,M2,B,A,True,CONVERGENCE: RELATIVE REDUCTION OF F <= FACTR*EPSMCH,79,1548,562.1792738913135,562.1573594382057
sub-017,M3,A,B,True,CONVERGENCE: RELATIVE REDUCTION OF F <= FACTR*EPSMCH,39,300,562.2045639051139,562.1283172209937
sub-017,M3,B,A,True,CONVERGENCE: RELATIVE REDUCTION OF F <= FACTR*EPSMCH,49,396,562.177194893242,562.1556191212027
sub-018,M2,A,B,True,CONVERGENCE: RELATIVE REDUCTION OF F <= FACTR*EPSMCH,88,1392,537.9778949203775,539.8286217339733
sub-018,M2,B,A,True,CONVERGENCE: RELATIVE REDUCTION OF F <= FACTR*EPSMCH,71,1056,539.9204202906121,537.8797781825564
sub-018,M3,A,B,True,CONVERGENCE: RELATIVE REDUCTION OF F <= FACTR*EPSMCH,37,282,537.9528446346287,539.8057241617632
sub-018,M3,B,A,True,CONVERGENCE: RELATIVE REDUCTION OF F <= FACTR*EPSMCH,37,354,539.9054474001294,537.8099271791571
sub-019,M2,A,B,True,CONVERGENCE: RELATIVE REDUCTION OF F <= FACTR*EPSMCH,31,540,545.9220365233926,550.4049070709276
sub-019,M2,B,A,True,CONVERGENCE: RELATIVE REDUCTION OF F <= FACTR*EPSMCH,101,1512,551.0655105092342,545.1128119194701
sub-019,M3,A,B,True,CONVERGENCE: RELATIVE REDUCTION OF F <= FACTR*EPSMCH,56,486,545.9204940651575,550.4008345742556
sub-019,M3,B,A,True,CONVERGENCE: RELATIVE REDUCTION OF F <= FACTR*EPSMCH,42,396,551.0606656794125,545.1130181472076
sub-020,M2,A,B,True,CONVERGENCE: RELATIVE REDUCTION OF F <= FACTR*EPSMCH,82,1200,561.6705659457414,562.3173144759694
sub-020,M2,B,A,True,CONVERGENCE: RELATIVE REDUCTION OF F <= FACTR*EPSMCH,87,1536,562.3365268503103,561.6507647831074
sub-020,M3,A,B,True,CONVERGENCE: RELATIVE REDUCTION OF F <= FACTR*EPSMCH,41,306,561.6556471879177,562.294991417713
sub-020,M3,B,A,True,CONVERGENCE: RELATIVE REDUCTION OF F <= FACTR*EPSMCH,63,450,562.3137610880195,561.6362966481944
sub-021,M2,A,B,True,CONVERGENCE: RELATIVE REDUCTION OF F <= FACTR*EPSMCH,60,840,533.2367688596526,533.8630221050789
sub-021,M2,B,A,True,CONVERGENCE: RELATIVE REDUCTION OF F <= FACTR*EPSMCH,82,1224,533.900809549274,533.2083879476702
sub-021,M3,A,B,True,CONVERGENCE: RELATIVE REDUCTION OF F <= FACTR*EPSMCH,36,336,533.2323233851303,533.8569564881274
sub-021,M3,B,A,True,CONVERGENCE: RELATIVE REDUCTION OF F <= FACTR*EPSMCH,38,330,533.8887939986336,533.1998163415041
sub-022,M2,A,B,True,CONVERGENCE: RELATIVE REDUCTION OF F <= FACTR*EPSMCH,21,396,530.06034424159,530.7229211413546
sub-022,M2,B,A,True,CONVERGENCE: RELATIVE REDUCTION OF F <= FACTR*EPSMCH,86,1476,530.8186191137095,529.9570371927891
sub-022,M3,A,B,True,CONVERGENCE: RELATIVE REDUCTION OF F <= FACTR*EPSMCH,56,498,530.0583908227785,530.717949821383
sub-022,M3,B,A,True,CONVERGENCE: RELATIVE REDUCTION OF F <= FACTR*EPSMCH,42,408,530.8076371086374,529.9617223583588
sub-023,M2,A,B,True,CONVERGENCE: RELATIVE REDUCTION OF F <= FACTR*EPSMCH,49,924,547.6287106238799,549.5731274449972
sub-023,M2,B,A,True,CONVERGENCE: RELATIVE REDUCTION OF F <= FACTR*EPSMCH,101,1608,549.6870481972686,547.5047093783164
sub-023,M3,A,B,True,CONVERGENCE: RELATIVE REDUCTION OF F <= FACTR*EPSMCH,58,516,547.6072887451132,549.5498144942942
sub-023,M3,B,A,True,CONVERGENCE: RELATIVE REDUCTION OF F <= FACTR*EPSMCH,49,474,549.6636465047957,547.483385467187
sub-024,M2,A,B,True,CONVERGENCE: RELATIVE REDUCTION OF F <= FACTR*EPSMCH,16,252,543.8588967852093,547.033515297979
sub-024,M2,B,A,True,CONVERGENCE: RELATIVE REDUCTION OF F <= FACTR*EPSMCH,83,1440,547.4209758672736,543.3982249241986
sub-024,M3,A,B,True,CONVERGENCE: RELATIVE REDUCTION OF F <= FACTR*EPSMCH,50,450,543.8582707657199,547.0339456964422
sub-024,M3,B,A,True,CONVERGENCE: RELATIVE REDUCTION OF F <= FACTR*EPSMCH,55,426,547.4173251109112,543.39968696426
sub-025,M2,A,B,True,CONVERGENCE: RELATIVE REDUCTION OF F <= FACTR*EPSMCH,91,1344,534.5383701007574,532.7890228502486
sub-025,M2,B,A,True,CONVERGENCE: RELATIVE REDUCTION OF F <= FACTR*EPSMCH,75,1404,532.8615548673893,534.4639330809075
sub-025,M3,A,B,True,CONVERGENCE: RELATIVE REDUCTION OF F <= FACTR*EPSMCH,55,414,534.5308991272948,532.7848499806321
sub-025,M3,B,A,True,CONVERGENCE: RELATIVE REDUCTION OF F <= FACTR*EPSMCH,42,354,532.8585751472548,534.4612407871655
sub-028,M2,A,B,True,CONVERGENCE: RELATIVE REDUCTION OF F <= FACTR*EPSMCH,69,1176,559.9259994102439,557.8694572904175
sub-028,M2,B,A,True,CONVERGENCE: NORM OF PROJECTED GRADIENT <= PGTOL,63,1020,557.9970316457081,559.8075420731321
sub-028,M3,A,B,True,CONVERGENCE: RELATIVE REDUCTION OF F <= FACTR*EPSMCH,29,228,559.9018476188515,557.8426843054459
sub-028,M3,B,A,True,CONVERGENCE: RELATIVE REDUCTION OF F <= FACTR*EPSMCH,39,426,557.9697546074442,559.7838552944689
sub-029,M2,A,B,True,CONVERGENCE: RELATIVE REDUCTION OF F <= FACTR*EPSMCH,61,1152,552.8561299446758,553.7962386766337
sub-029,M2,B,A,True,CONVERGENCE: RELATIVE REDUCTION OF F <= FACTR*EPSMCH,70,1176,553.8233145133185,552.8279651625647
sub-029,M3,A,B,True,CONVERGENCE: RELATIVE REDUCTION OF F <= FACTR*EPSMCH,48,372,552.8488764150276,553.7908202412646
sub-029,M3,B,A,True,CONVERGENCE: RELATIVE REDUCTION OF F <= FACTR*EPSMCH,71,606,553.8179006576842,552.8207157474404
sub-030,M2,A,B,True,CONVERGENCE: RELATIVE REDUCTION OF F <= FACTR*EPSMCH,37,588,546.4248130453844,548.8619911950321
sub-030,M2,B,A,True,CONVERGENCE: RELATIVE REDUCTION OF F <= FACTR*EPSMCH,69,900,549.0600081157196,546.2031709979991
sub-030,M3,A,B,True,CONVERGENCE: RELATIVE REDUCTION OF F <= FACTR*EPSMCH,78,624,546.418907397762,548.8538854988334
sub-030,M3,B,A,True,CONVERGENCE: RELATIVE REDUCTION OF F <= FACTR*EPSMCH,40,348,549.0511111156137,546.1979993539101
sub-031,M2,A,B,True,CONVERGENCE: RELATIVE REDUCTION OF F <= FACTR*EPSMCH,93,1308,529.9973429215629,530.1526305427105
sub-031,M2,B,A,True,CONVERGENCE: RELATIVE REDUCTION OF F <= FACTR*EPSMCH,109,1872,530.251548216468,529.8075029956154
sub-031,M3,A,B,True,CONVERGENCE: RELATIVE REDUCTION OF F <= FACTR*EPSMCH,44,324,529.9859922878101,530.1399781957931
sub-031,M3,B,A,True,CONVERGENCE: RELATIVE REDUCTION OF F <= FACTR*EPSMCH,36,318,530.2484892349678,529.803546519177
sub-032,M2,A,B,True,CONVERGENCE: RELATIVE REDUCTION OF F <= FACTR*EPSMCH,88,1524,528.637751976077,527.5649327795161
sub-032,M2,B,A,True,CONVERGENCE: RELATIVE REDUCTION OF F <= FACTR*EPSMCH,120,2064,527.597644375194,528.6063807944807
sub-032,M3,A,B,True,CONVERGENCE: NORM OF PROJECTED GRADIENT <= PGTOL,56,540,528.6282880782288,527.5528953144787
sub-032,M3,B,A,True,CONVERGENCE: RELATIVE REDUCTION OF F <= FACTR*EPSMCH,54,570,527.5857156749623,528.596816107013
sub-033,M2,A,B,True,CONVERGENCE: RELATIVE REDUCTION OF F <= FACTR*EPSMCH,23,324,521.3583747166731,523.2094271150662
sub-033,M2,B,A,True,CONVERGENCE: RELATIVE REDUCTION OF F <= FACTR*EPSMCH,77,1068,523.3069865246171,521.2531829957084
sub-033,M3,A,B,True,CONVERGENCE: RELATIVE REDUCTION OF F <= FACTR*EPSMCH,65,486,521.3565410317578,523.2067749157131
sub-033,M3,B,A,True,CONVERGENCE: RELATIVE REDUCTION OF F <= FACTR*EPSMCH,37,312,523.3054273788879,521.2516608726442
sub-034,M2,A,B,True,CONVERGENCE: RELATIVE REDUCTION OF F <= FACTR*EPSMCH,66,1188,544.295711917021,546.0791097844653
sub-034,M2,B,A,True,CONVERGENCE: RELATIVE REDUCTION OF F <= FACTR*EPSMCH,90,1356,546.3383006631518,543.9766660284112
sub-034,M3,A,B,True,CONVERGENCE: RELATIVE REDUCTION OF F <= FACTR*EPSMCH,37,336,544.2948081710763,546.0797784217244
sub-034,M3,B,A,True,CONVERGENCE: RELATIVE REDUCTION OF F <= FACTR*EPSMCH,28,228,546.3359450257063,543.9765342557492
sub-035,M2,A,B,True,CONVERGENCE: RELATIVE REDUCTION OF F <= FACTR*EPSMCH,73,1320,555.0686952934682,560.4320528747435
sub-035,M2,B,A,True,CONVERGENCE: RELATIVE REDUCTION OF F <= FACTR*EPSMCH,78,1392,561.5925571409507,553.6444069915409
sub-035,M3,A,B,True,CONVERGENCE: RELATIVE REDUCTION OF F <= FACTR*EPSMCH,39,336,555.0518892828634,560.4051542554311
sub-035,M3,B,A,True,CONVERGENCE: RELATIVE REDUCTION OF F <= FACTR*EPSMCH,92,876,561.5790369714404,553.6519978569742
sub-036,M2,A,B,True,CONVERGENCE: RELATIVE REDUCTION OF F <= FACTR*EPSMCH,89,1272,530.2353198611172,531.775868703483
sub-036,M2,B,A,True,CONVERGENCE: RELATIVE REDUCTION OF F <= FACTR*EPSMCH,73,1104,531.8390776497598,530.168560673877
sub-036,M3,A,B,True,CONVERGENCE: NORM OF PROJECTED GRADIENT <= PGTOL,31,258,530.2285791233998,531.7692687165231
sub-036,M3,B,A,True,CONVERGENCE: RELATIVE REDUCTION OF F <= FACTR*EPSMCH,67,684,531.8324748212417,530.1618222283436
sub-038,M2,A,B,True,CONVERGENCE: RELATIVE REDUCTION OF F <= FACTR*EPSMCH,27,612,542.3205047287012,545.418399690322
sub-038,M2,B,A,True,CONVERGENCE: RELATIVE REDUCTION OF F <= FACTR*EPSMCH,146,2472,545.7594924960085,541.9191781783213
sub-038,M3,A,B,True,CONVERGENCE: RELATIVE REDUCTION OF F <= FACTR*EPSMCH,48,444,542.317571312768,545.4137533948054
sub-038,M3,B,A,True,CONVERGENCE: RELATIVE REDUCTION OF F <= FACTR*EPSMCH,45,306,545.7541146171774,541.9172316034771
sub-039,M2,A,B,True,CONVERGENCE: RELATIVE REDUCTION OF F <= FACTR*EPSMCH,68,1272,545.6840552053685,535.6328962232152
sub-039,M2,B,A,True,CONVERGENCE: RELATIVE REDUCTION OF F <= FACTR*EPSMCH,54,1104,537.6596500672214,544.1940142523217
sub-039,M3,A,B,True,CONVERGENCE: RELATIVE REDUCTION OF F <= FACTR*EPSMCH,30,210,545.6699491256571,535.645018748959
sub-039,M3,B,A,True,CONVERGENCE: RELATIVE REDUCTION OF F <= FACTR*EPSMCH,51,432,537.651426993803,544.1806203364941
sub-040,M2,A,B,True,CONVERGENCE: RELATIVE REDUCTION OF F <= FACTR*EPSMCH,87,1380,542.0529238674784,543.9727250460695
sub-040,M2,B,A,True,CONVERGENCE: RELATIVE REDUCTION OF F <= FACTR*EPSMCH,96,1380,544.0752403845127,541.9427136572303
sub-040,M3,A,B,True,CONVERGENCE: RELATIVE REDUCTION OF F <= FACTR*EPSMCH,49,438,542.0391124274566,543.9563880835127
sub-040,M3,B,A,True,CONVERGENCE: RELATIVE REDUCTION OF F <= FACTR*EPSMCH,43,312,544.0583975883465,541.9294839004539
sub-042,M2,A,B,True,CONVERGENCE: RELATIVE REDUCTION OF F <= FACTR*EPSMCH,53,744,517.7565067171719,519.9483786762787
sub-042,M2,B,A,True,CONVERGENCE: RELATIVE REDUCTION OF F <= FACTR*EPSMCH,25,456,520.3339116892649,517.2109609345079
sub-042,M3,A,B,True,CONVERGENCE: RELATIVE REDUCTION OF F <= FACTR*EPSMCH,32,246,517.7468772008366,519.9328956903048
sub-042,M3,B,A,True,CONVERGENCE: RELATIVE REDUCTION OF F <= FACTR*EPSMCH,43,390,520.3317687141999,517.2124400695077
