subject,role,development_qc_status
sub-001,development_primary,PASS
sub-002,development_primary,PASS
sub-003,development_primary,PASS
sub-004,development_primary,PASS
sub-005,development_primary,PASS
sub-006,development_primary,PASS
sub-007,development_primary,PASS
sub-008,development_sensitivity_only,not_primary
sub-009,development_sensitivity_only,not_primary
sub-010,development_primary,PASS
sub-011,development_primary,PASS
sub-012,development_primary,FAIL_global_bad_channels_13
sub-013,development_sensitivity_only,not_primary
sub-014,development_primary,PASS
sub-015,development_primary,PASS
sub-016,development_primary,PASS
sub-017,development_primary,PASS
sub-018,development_primary,PASS
sub-019,development_primary,PASS
sub-020,development_primary,PASS
sub-021,development_primary,PASS
sub-022,development_primary,PASS
sub-023,development_primary,PASS
sub-024,development_primary,PASS
sub-025,development_primary,PASS
sub-026,development_primary,FAIL_clean_epochs_21
sub-027,development_sensitivity_only,not_primary
sub-028,development_primary,PASS
sub-029,development_primary,PASS
sub-030,development_primary,PASS
sub-031,development_primary,PASS
sub-032,development_primary,PASS
sub-033,development_primary,PASS
sub-034,development_primary,PASS
sub-035,development_primary,PASS
sub-036,development_primary,PASS
sub-037,development_sensitivity_only,not_primary
sub-038,development_primary,PASS
sub-039,development_primary,PASS
sub-040,development_primary,PASS
sub-041,development_primary,FAIL_global_bad_channels_11
sub-042,development_primary,PASS
sub-043,development_primary,FAIL_global_bad_channels_11
sub-044,confirmatory_holdout,UNOPENED
sub-045,confirmatory_holdout,UNOPENED
sub-046,confirmatory_holdout,UNOPENED
sub-047,confirmatory_holdout,UNOPENED
sub-048,confirmatory_holdout,UNOPENED
sub-049,confirmatory_holdout,UNOPENED
sub-050,confirmatory_holdout,UNOPENED
sub-051,confirmatory_holdout,UNOPENED
sub-052,confirmatory_holdout,UNOPENED
sub-053,confirmatory_holdout,UNOPENED
sub-054,confirmatory_holdout,UNOPENED
sub-055,confirmatory_holdout,UNOPENED
sub-056,confirmatory_holdout,UNOPENED
sub-057,confirmatory_holdout,UNOPENED
sub-058,confirmatory_holdout,UNOPENED
sub-059,confirmatory_holdout,UNOPENED
sub-060,confirmatory_holdout,UNOPENED
sub-061,confirmatory_holdout,UNOPENED
sub-062,confirmatory_holdout,UNOPENED
sub-063,confirmatory_holdout,UNOPENED
sub-064,confirmatory_holdout,UNOPENED
sub-065,confirmatory_holdout,UNOPENED
sub-066,confirmatory_holdout,UNOPENED
sub-067,confirmatory_holdout,UNOPENED
sub-068,confirmatory_holdout,UNOPENED
sub-069,confirmatory_holdout,UNOPENED
sub-070,confirmatory_holdout,UNOPENED
sub-071,confirmatory_holdout,UNOPENED
sub-072,confirmatory_holdout,UNOPENED
sub-073,confirmatory_holdout,UNOPENED
sub-074,confirmatory_holdout,UNOPENED
sub-075,confirmatory_holdout,UNOPENED
sub-076,confirmatory_holdout,UNOPENED
sub-077,confirmatory_holdout,UNOPENED
sub-078,confirmatory_holdout,UNOPENED
sub-079,confirmatory_holdout,UNOPENED
sub-080,confirmatory_holdout,UNOPENED
sub-081,confirmatory_holdout,UNOPENED
sub-082,confirmatory_holdout,UNOPENED
sub-083,confirmatory_holdout,UNOPENED
sub-084,confirmatory_holdout,UNOPENED
sub-085,confirmatory_holdout,UNOPENED
sub-086,confirmatory_holdout,UNOPENED
sub-087,confirmatory_holdout,UNOPENED
sub-088,confirmatory_holdout,UNOPENED
sub-089,confirmatory_holdout,UNOPENED
sub-090,confirmatory_holdout,UNOPENED
sub-091,confirmatory_holdout,UNOPENED
sub-092,confirmatory_holdout,UNOPENED
sub-093,confirmatory_holdout,UNOPENED
sub-094,confirmatory_holdout,UNOPENED
sub-095,confirmatory_holdout,UNOPENED
sub-096,confirmatory_holdout,UNOPENED
sub-097,confirmatory_holdout,UNOPENED
sub-098,confirmatory_holdout,UNOPENED
sub-099,confirmatory_holdout,UNOPENED
sub-100,confirmatory_holdout,UNOPENED
sub-101,confirmatory_holdout,UNOPENED
sub-102,confirmatory_holdout,UNOPENED
sub-103,confirmatory_holdout,UNOPENED
sub-104,confirmatory_holdout,UNOPENED
sub-105,confirmatory_holdout,UNOPENED
sub-106,confirmatory_holdout,UNOPENED
sub-107,confirmatory_holdout,UNOPENED
sub-108,confirmatory_holdout,UNOPENED
sub-109,confirmatory_holdout,UNOPENED
sub-110,confirmatory_holdout,UNOPENED
sub-111,confirmatory_holdout,UNOPENED
sub-112,confirmatory_holdout,UNOPENED
sub-113,confirmatory_holdout,UNOPENED
sub-114,confirmatory_holdout,UNOPENED
sub-115,confirmatory_holdout,UNOPENED
sub-116,confirmatory_holdout,UNOPENED
sub-117,confirmatory_holdout,UNOPENED
sub-118,confirmatory_holdout,UNOPENED
sub-119,confirmatory_holdout,UNOPENED
sub-120,confirmatory_holdout,UNOPENED
sub-121,confirmatory_holdout,UNOPENED
sub-122,confirmatory_holdout,UNOPENED
sub-123,confirmatory_holdout,UNOPENED
sub-124,confirmatory_holdout,UNOPENED
sub-125,confirmatory_holdout,UNOPENED
sub-126,confirmatory_holdout,UNOPENED
sub-127,confirmatory_holdout,UNOPENED
sub-128,confirmatory_holdout,UNOPENED
sub-129,confirmatory_holdout,UNOPENED
sub-130,confirmatory_holdout,UNOPENED
sub-131,confirmatory_holdout,UNOPENED
sub-132,confirmatory_holdout,UNOPENED
sub-133,confirmatory_holdout,UNOPENED
sub-134,confirmatory_holdout,UNOPENED
sub-135,confirmatory_holdout,UNOPENED
sub-136,confirmatory_holdout,UNOPENED
sub-137,confirmatory_holdout,UNOPENED
sub-138,confirmatory_holdout,UNOPENED
sub-139,confirmatory_holdout,UNOPENED
sub-140,confirmatory_holdout,UNOPENED
sub-141,confirmatory_holdout,UNOPENED
sub-142,confirmatory_holdout,UNOPENED
sub-143,confirmatory_holdout,UNOPENED
sub-144,confirmatory_holdout,UNOPENED
sub-145,confirmatory_holdout,UNOPENED
sub-146,confirmatory_holdout,UNOPENED
sub-147,confirmatory_holdout,UNOPENED
sub-148,confirmatory_holdout,UNOPENED
sub-149,confirmatory_holdout,UNOPENED
sub-150,confirmatory_holdout,UNOPENED
sub-151,confirmatory_holdout,UNOPENED
sub-152,confirmatory_holdout,UNOPENED
sub-153,confirmatory_holdout,UNOPENED
sub-154,confirmatory_holdout,UNOPENED
sub-155,confirmatory_holdout,UNOPENED
sub-156,confirmatory_holdout,UNOPENED
sub-157,confirmatory_holdout,UNOPENED
sub-158,confirmatory_holdout,UNOPENED
sub-159,confirmatory_holdout,UNOPENED
sub-160,confirmatory_holdout,UNOPENED
sub-161,confirmatory_holdout,UNOPENED
sub-162,confirmatory_holdout,UNOPENED
sub-163,confirmatory_holdout,UNOPENED
sub-164,confirmatory_holdout,UNOPENED
sub-165,confirmatory_holdout,UNOPENED
sub-166,confirmatory_holdout,UNOPENED
sub-167,confirmatory_holdout,UNOPENED
sub-168,confirmatory_holdout,UNOPENED
sub-169,confirmatory_holdout,UNOPENED
sub-170,confirmatory_holdout,UNOPENED
sub-171,confirmatory_holdout,UNOPENED
sub-172,confirmatory_holdout,UNOPENED
sub-173,confirmatory_holdout,UNOPENED
sub-174,confirmatory_holdout,UNOPENED
sub-175,confirmatory_holdout,UNOPENED
sub-176,confirmatory_holdout,UNOPENED
sub-177,confirmatory_holdout,UNOPENED
sub-178,confirmatory_holdout,UNOPENED
sub-179,confirmatory_holdout,UNOPENED
sub-180,confirmatory_holdout,UNOPENED
sub-181,confirmatory_holdout,UNOPENED
sub-182,confirmatory_holdout,UNOPENED
sub-183,confirmatory_holdout,UNOPENED
sub-184,confirmatory_holdout,UNOPENED
sub-185,confirmatory_holdout,UNOPENED
sub-186,confirmatory_holdout,UNOPENED
sub-187,confirmatory_holdout,UNOPENED
sub-188,confirmatory_holdout,UNOPENED
sub-189,confirmatory_holdout,UNOPENED
sub-190,confirmatory_holdout,UNOPENED
sub-191,confirmatory_holdout,UNOPENED
sub-192,confirmatory_holdout,UNOPENED
sub-193,confirmatory_holdout,UNOPENED
sub-194,confirmatory_holdout,UNOPENED
sub-195,confirmatory_holdout,UNOPENED
sub-196,confirmatory_holdout,UNOPENED
sub-197,confirmatory_holdout,UNOPENED
sub-198,confirmatory_holdout,UNOPENED
sub-199,confirmatory_holdout,UNOPENED
sub-200,confirmatory_holdout,UNOPENED
sub-201,confirmatory_holdout,UNOPENED
sub-202,confirmatory_holdout,UNOPENED
sub-203,confirmatory_holdout,UNOPENED
sub-204,confirmatory_holdout,UNOPENED
sub-205,confirmatory_holdout,UNOPENED
sub-206,confirmatory_holdout,UNOPENED
sub-207,confirmatory_holdout,UNOPENED
sub-208,confirmatory_holdout,UNOPENED
sub-209,confirmatory_holdout,UNOPENED
sub-210,confirmatory_holdout,UNOPENED
sub-211,confirmatory_holdout,UNOPENED
sub-212,confirmatory_holdout,UNOPENED
sub-213,confirmatory_holdout,UNOPENED
sub-214,confirmatory_holdout,UNOPENED
sub-215,confirmatory_holdout,UNOPENED
sub-216,confirmatory_holdout,UNOPENED
sub-217,confirmatory_holdout,UNOPENED
sub-218,confirmatory_holdout,UNOPENED
sub-219,confirmatory_holdout,UNOPENED
sub-220,confirmatory_holdout,UNOPENED
sub-221,confirmatory_holdout,UNOPENED
sub-222,confirmatory_holdout,UNOPENED
sub-223,confirmatory_holdout,UNOPENED
sub-224,confirmatory_holdout,UNOPENED
sub-225,confirmatory_holdout,UNOPENED
sub-226,confirmatory_holdout,UNOPENED
sub-227,confirmatory_holdout,UNOPENED
sub-228,confirmatory_holdout,UNOPENED
sub-229,confirmatory_holdout,UNOPENED
sub-230,confirmatory_holdout,UNOPENED
sub-231,confirmatory_holdout,UNOPENED
sub-232,confirmatory_holdout,UNOPENED
sub-233,confirmatory_holdout,UNOPENED
sub-234,confirmatory_holdout,UNOPENED
sub-235,confirmatory_holdout,UNOPENED
sub-236,confirmatory_holdout,UNOPENED
sub-237,confirmatory_holdout,UNOPENED
sub-238,confirmatory_holdout,UNOPENED
sub-239,confirmatory_holdout,UNOPENED
sub-240,confirmatory_holdout,UNOPENED
sub-241,confirmatory_holdout,UNOPENED
sub-242,confirmatory_holdout,UNOPENED
sub-243,confirmatory_holdout,UNOPENED
sub-244,confirmatory_holdout,UNOPENED
sub-245,confirmatory_holdout,UNOPENED
sub-246,confirmatory_holdout,UNOPENED
sub-247,confirmatory_holdout,UNOPENED
sub-248,confirmatory_holdout,UNOPENED
sub-249,confirmatory_holdout,UNOPENED
sub-250,confirmatory_holdout,UNOPENED
sub-251,confirmatory_holdout,UNOPENED
sub-252,confirmatory_holdout,UNOPENED
sub-253,confirmatory_holdout,UNOPENED
sub-254,confirmatory_holdout,UNOPENED
sub-255,confirmatory_holdout,UNOPENED
sub-256,confirmatory_holdout,UNOPENED
sub-257,confirmatory_holdout,UNOPENED
sub-258,confirmatory_holdout,UNOPENED
sub-259,confirmatory_holdout,UNOPENED
sub-260,confirmatory_holdout,UNOPENED
sub-261,confirmatory_holdout,UNOPENED
sub-262,confirmatory_holdout,UNOPENED
sub-263,confirmatory_holdout,UNOPENED
sub-264,confirmatory_holdout,UNOPENED
sub-265,confirmatory_holdout,UNOPENED
sub-266,confirmatory_holdout,UNOPENED
sub-267,confirmatory_holdout,UNOPENED
sub-268,confirmatory_holdout,UNOPENED
sub-269,confirmatory_holdout,UNOPENED
sub-270,confirmatory_holdout,UNOPENED
sub-271,confirmatory_holdout,UNOPENED
sub-272,confirmatory_holdout,UNOPENED
sub-273,confirmatory_holdout,UNOPENED
sub-274,confirmatory_holdout,UNOPENED
sub-275,confirmatory_holdout,UNOPENED
sub-276,confirmatory_holdout,UNOPENED
sub-277,confirmatory_holdout,UNOPENED
sub-278,confirmatory_holdout,UNOPENED
sub-279,confirmatory_holdout,UNOPENED
sub-280,confirmatory_holdout,UNOPENED
sub-281,confirmatory_holdout,UNOPENED
sub-282,confirmatory_holdout,UNOPENED
sub-283,confirmatory_holdout,UNOPENED
sub-284,confirmatory_holdout,UNOPENED
sub-285,confirmatory_holdout,UNOPENED
sub-286,confirmatory_holdout,UNOPENED
sub-287,confirmatory_holdout,UNOPENED
sub-288,confirmatory_holdout,UNOPENED
sub-289,confirmatory_holdout,UNOPENED
sub-290,confirmatory_holdout,UNOPENED
sub-291,confirmatory_holdout,UNOPENED
sub-292,confirmatory_holdout,UNOPENED
sub-293,confirmatory_holdout,UNOPENED
sub-294,confirmatory_holdout,UNOPENED
sub-295,confirmatory_holdout,UNOPENED
sub-296,confirmatory_holdout,UNOPENED
sub-297,confirmatory_holdout,UNOPENED
sub-298,confirmatory_holdout,UNOPENED
sub-299,confirmatory_holdout,UNOPENED
sub-300,confirmatory_holdout,UNOPENED
sub-301,confirmatory_holdout,UNOPENED
sub-302,confirmatory_holdout,UNOPENED
sub-303,confirmatory_holdout,UNOPENED
sub-304,confirmatory_holdout,UNOPENED
sub-305,confirmatory_holdout,UNOPENED
sub-306,confirmatory_holdout,UNOPENED
sub-307,confirmatory_holdout,UNOPENED
sub-308,confirmatory_holdout,UNOPENED
sub-309,confirmatory_holdout,UNOPENED
sub-310,confirmatory_holdout,UNOPENED
sub-311,confirmatory_holdout,UNOPENED
sub-312,confirmatory_holdout,UNOPENED
sub-313,confirmatory_holdout,UNOPENED
sub-314,confirmatory_holdout,UNOPENED
sub-315,confirmatory_holdout,UNOPENED
sub-316,confirmatory_holdout,UNOPENED
sub-317,confirmatory_holdout,UNOPENED
sub-318,confirmatory_holdout,UNOPENED
sub-319,confirmatory_holdout,UNOPENED
sub-320,confirmatory_holdout,UNOPENED
sub-321,confirmatory_holdout,UNOPENED
sub-322,confirmatory_holdout,UNOPENED
sub-323,confirmatory_holdout,UNOPENED
sub-324,confirmatory_holdout,UNOPENED
sub-325,confirmatory_holdout,UNOPENED
sub-326,confirmatory_holdout,UNOPENED
sub-327,confirmatory_holdout,UNOPENED
sub-328,confirmatory_holdout,UNOPENED
sub-329,confirmatory_holdout,UNOPENED
sub-330,confirmatory_holdout,UNOPENED
sub-331,confirmatory_holdout,UNOPENED
sub-332,confirmatory_holdout,UNOPENED
sub-333,confirmatory_holdout,UNOPENED
sub-334,confirmatory_holdout,UNOPENED
sub-335,confirmatory_holdout,UNOPENED
sub-336,confirmatory_holdout,UNOPENED
sub-337,confirmatory_holdout,UNOPENED
sub-338,confirmatory_holdout,UNOPENED
sub-339,confirmatory_holdout,UNOPENED
sub-340,confirmatory_holdout,UNOPENED
sub-341,confirmatory_holdout,UNOPENED
sub-342,confirmatory_holdout,UNOPENED
sub-343,confirmatory_holdout,UNOPENED
sub-344,confirmatory_holdout,UNOPENED
sub-345,confirmatory_holdout,UNOPENED
sub-346,confirmatory_holdout,UNOPENED
sub-347,confirmatory_holdout,UNOPENED
sub-348,confirmatory_holdout,UNOPENED
sub-349,confirmatory_holdout,UNOPENED
sub-350,confirmatory_holdout,UNOPENED
sub-351,confirmatory_holdout,UNOPENED
sub-352,confirmatory_holdout,UNOPENED
sub-353,confirmatory_holdout,UNOPENED
sub-354,confirmatory_holdout,UNOPENED
sub-355,confirmatory_holdout,UNOPENED
sub-356,confirmatory_holdout,UNOPENED
sub-357,confirmatory_holdout,UNOPENED
sub-358,confirmatory_holdout,UNOPENED
sub-359,confirmatory_holdout,UNOPENED
sub-360,confirmatory_holdout,UNOPENED
sub-361,confirmatory_holdout,UNOPENED
sub-362,confirmatory_holdout,UNOPENED
sub-363,confirmatory_holdout,UNOPENED
sub-364,confirmatory_holdout,UNOPENED
sub-365,confirmatory_holdout,UNOPENED
sub-366,confirmatory_holdout,UNOPENED
sub-367,confirmatory_holdout,UNOPENED
sub-368,confirmatory_holdout,UNOPENED
sub-369,confirmatory_holdout,UNOPENED
sub-370,confirmatory_holdout,UNOPENED
sub-371,confirmatory_holdout,UNOPENED
sub-372,confirmatory_holdout,UNOPENED
sub-373,confirmatory_holdout,UNOPENED
sub-374,confirmatory_holdout,UNOPENED
sub-375,confirmatory_holdout,UNOPENED
sub-376,confirmatory_holdout,UNOPENED
sub-377,confirmatory_holdout,UNOPENED
sub-378,confirmatory_holdout,UNOPENED
sub-379,confirmatory_holdout,UNOPENED
sub-380,confirmatory_holdout,UNOPENED
sub-381,confirmatory_holdout,UNOPENED
sub-382,confirmatory_holdout,UNOPENED
sub-383,confirmatory_holdout,UNOPENED
sub-384,confirmatory_holdout,UNOPENED
sub-385,confirmatory_holdout,UNOPENED
sub-386,confirmatory_holdout,UNOPENED
sub-387,confirmatory_holdout,UNOPENED
sub-388,confirmatory_holdout,UNOPENED
sub-389,confirmatory_holdout,UNOPENED
sub-390,confirmatory_holdout,UNOPENED
sub-391,confirmatory_holdout,UNOPENED
sub-392,confirmatory_holdout,UNOPENED
sub-393,confirmatory_holdout,UNOPENED
sub-394,confirmatory_holdout,UNOPENED
sub-395,confirmatory_holdout,UNOPENED
sub-396,confirmatory_holdout,UNOPENED
sub-397,confirmatory_holdout,UNOPENED
sub-398,confirmatory_holdout,UNOPENED
sub-399,confirmatory_holdout,UNOPENED
sub-400,confirmatory_holdout,UNOPENED
sub-401,confirmatory_holdout,UNOPENED
sub-402,confirmatory_holdout,UNOPENED
sub-403,confirmatory_holdout,UNOPENED
sub-404,confirmatory_holdout,UNOPENED
sub-405,confirmatory_holdout,UNOPENED
sub-406,confirmatory_holdout,UNOPENED
sub-407,confirmatory_holdout,UNOPENED
sub-408,confirmatory_holdout,UNOPENED
sub-409,confirmatory_holdout,UNOPENED
sub-410,confirmatory_holdout,UNOPENED
sub-411,confirmatory_holdout,UNOPENED
sub-412,confirmatory_holdout,UNOPENED
sub-413,confirmatory_holdout,UNOPENED
sub-414,confirmatory_holdout,UNOPENED
sub-415,confirmatory_holdout,UNOPENED
sub-416,confirmatory_holdout,UNOPENED
sub-417,confirmatory_holdout,UNOPENED
sub-418,confirmatory_holdout,UNOPENED
sub-419,confirmatory_holdout,UNOPENED
sub-420,confirmatory_holdout,UNOPENED
sub-421,confirmatory_holdout,UNOPENED
sub-422,confirmatory_holdout,UNOPENED
sub-423,confirmatory_holdout,UNOPENED
sub-424,confirmatory_holdout,UNOPENED
sub-425,confirmatory_holdout,UNOPENED
sub-426,confirmatory_holdout,UNOPENED
sub-427,confirmatory_holdout,UNOPENED
sub-428,confirmatory_holdout,UNOPENED
sub-429,confirmatory_holdout,UNOPENED
sub-430,confirmatory_holdout,UNOPENED
sub-431,confirmatory_holdout,UNOPENED
sub-432,confirmatory_holdout,UNOPENED
sub-433,confirmatory_holdout,UNOPENED
sub-434,confirmatory_holdout,UNOPENED
sub-435,confirmatory_holdout,UNOPENED
sub-436,confirmatory_holdout,UNOPENED
sub-437,confirmatory_holdout,UNOPENED
sub-438,confirmatory_holdout,UNOPENED
sub-439,confirmatory_holdout,UNOPENED
sub-440,confirmatory_holdout,UNOPENED
sub-441,confirmatory_holdout,UNOPENED
sub-442,confirmatory_holdout,UNOPENED
sub-443,confirmatory_holdout,UNOPENED
sub-444,confirmatory_holdout,UNOPENED
sub-445,confirmatory_holdout,UNOPENED
sub-446,confirmatory_holdout,UNOPENED
sub-447,confirmatory_holdout,UNOPENED
sub-448,confirmatory_holdout,UNOPENED
sub-449,confirmatory_holdout,UNOPENED
sub-450,confirmatory_holdout,UNOPENED
sub-451,confirmatory_holdout,UNOPENED
sub-452,confirmatory_holdout,UNOPENED
sub-453,confirmatory_holdout,UNOPENED
sub-454,confirmatory_holdout,UNOPENED
sub-455,confirmatory_holdout,UNOPENED
sub-456,confirmatory_holdout,UNOPENED
sub-457,confirmatory_holdout,UNOPENED
sub-458,confirmatory_holdout,UNOPENED
sub-459,confirmatory_holdout,UNOPENED
sub-460,confirmatory_holdout,UNOPENED
sub-461,confirmatory_holdout,UNOPENED
sub-462,confirmatory_holdout,UNOPENED
sub-463,confirmatory_holdout,UNOPENED
sub-464,confirmatory_holdout,UNOPENED
sub-465,confirmatory_holdout,UNOPENED
sub-466,confirmatory_holdout,UNOPENED
sub-467,confirmatory_holdout,UNOPENED
sub-468,confirmatory_holdout,UNOPENED
sub-469,confirmatory_holdout,UNOPENED
sub-470,confirmatory_holdout,UNOPENED
sub-471,confirmatory_holdout,UNOPENED
sub-472,confirmatory_holdout,UNOPENED
sub-473,confirmatory_holdout,UNOPENED
sub-474,confirmatory_holdout,UNOPENED
sub-475,confirmatory_holdout,UNOPENED
sub-476,confirmatory_holdout,UNOPENED
sub-477,confirmatory_holdout,UNOPENED
sub-478,confirmatory_holdout,UNOPENED
sub-479,confirmatory_holdout,UNOPENED
sub-480,confirmatory_holdout,UNOPENED
sub-481,confirmatory_holdout,UNOPENED
sub-482,confirmatory_holdout,UNOPENED
sub-483,confirmatory_holdout,UNOPENED
sub-484,confirmatory_holdout,UNOPENED
sub-485,confirmatory_holdout,UNOPENED
sub-486,confirmatory_holdout,UNOPENED
sub-487,confirmatory_holdout,UNOPENED
sub-488,confirmatory_holdout,UNOPENED
sub-489,confirmatory_holdout,UNOPENED
sub-490,confirmatory_holdout,UNOPENED
sub-491,confirmatory_holdout,UNOPENED
sub-492,confirmatory_holdout,UNOPENED
sub-493,confirmatory_holdout,UNOPENED
sub-494,confirmatory_holdout,UNOPENED
sub-495,confirmatory_holdout,UNOPENED
sub-496,confirmatory_holdout,UNOPENED
sub-497,confirmatory_holdout,UNOPENED
sub-498,confirmatory_holdout,UNOPENED
sub-499,confirmatory_holdout,UNOPENED
sub-500,confirmatory_holdout,UNOPENED
sub-501,confirmatory_holdout,UNOPENED
sub-502,confirmatory_holdout,UNOPENED
sub-503,confirmatory_holdout,UNOPENED
sub-504,confirmatory_holdout,UNOPENED
sub-505,confirmatory_holdout,UNOPENED
sub-506,confirmatory_holdout,UNOPENED
sub-507,confirmatory_holdout,UNOPENED
sub-508,confirmatory_holdout,UNOPENED
sub-509,confirmatory_holdout,UNOPENED
sub-510,confirmatory_holdout,UNOPENED
sub-511,confirmatory_holdout,UNOPENED
sub-512,confirmatory_holdout,UNOPENED
sub-513,confirmatory_holdout,UNOPENED
sub-514,confirmatory_holdout,UNOPENED
sub-515,confirmatory_holdout,UNOPENED
sub-516,confirmatory_holdout,UNOPENED
sub-517,confirmatory_holdout,UNOPENED
sub-518,confirmatory_holdout,UNOPENED
sub-519,confirmatory_holdout,UNOPENED
sub-520,confirmatory_holdout,UNOPENED
sub-521,confirmatory_holdout,UNOPENED
sub-522,confirmatory_holdout,UNOPENED
sub-523,confirmatory_holdout,UNOPENED
sub-524,confirmatory_holdout,UNOPENED
sub-525,confirmatory_holdout,UNOPENED
sub-526,confirmatory_holdout,UNOPENED
sub-527,confirmatory_holdout,UNOPENED
sub-528,confirmatory_holdout,UNOPENED
sub-529,confirmatory_holdout,UNOPENED
sub-530,confirmatory_holdout,UNOPENED
sub-531,confirmatory_holdout,UNOPENED
sub-532,confirmatory_holdout,UNOPENED
sub-533,confirmatory_holdout,UNOPENED
sub-534,confirmatory_holdout,UNOPENED
sub-535,confirmatory_holdout,UNOPENED
sub-536,confirmatory_holdout,UNOPENED
sub-537,confirmatory_holdout,UNOPENED
sub-538,confirmatory_holdout,UNOPENED
sub-539,confirmatory_holdout,UNOPENED
sub-540,confirmatory_holdout,UNOPENED
sub-541,confirmatory_holdout,UNOPENED
sub-542,confirmatory_holdout,UNOPENED
sub-543,confirmatory_holdout,UNOPENED
sub-544,confirmatory_holdout,UNOPENED
sub-545,confirmatory_holdout,UNOPENED
sub-546,confirmatory_holdout,UNOPENED
sub-547,confirmatory_holdout,UNOPENED
sub-548,confirmatory_holdout,UNOPENED
sub-549,confirmatory_holdout,UNOPENED
sub-550,confirmatory_holdout,UNOPENED
sub-551,confirmatory_holdout,UNOPENED
sub-552,confirmatory_holdout,UNOPENED
sub-553,confirmatory_holdout,UNOPENED
sub-554,confirmatory_holdout,UNOPENED
sub-555,confirmatory_holdout,UNOPENED
sub-556,confirmatory_holdout,UNOPENED
sub-557,confirmatory_holdout,UNOPENED
sub-558,confirmatory_holdout,UNOPENED
sub-559,confirmatory_holdout,UNOPENED
sub-560,confirmatory_holdout,UNOPENED
sub-561,confirmatory_holdout,UNOPENED
sub-562,confirmatory_holdout,UNOPENED
sub-563,confirmatory_holdout,UNOPENED
sub-564,confirmatory_holdout,UNOPENED
sub-565,confirmatory_holdout,UNOPENED
sub-566,confirmatory_holdout,UNOPENED
sub-567,confirmatory_holdout,UNOPENED
sub-568,confirmatory_holdout,UNOPENED
sub-569,confirmatory_holdout,UNOPENED
sub-570,confirmatory_holdout,UNOPENED
sub-571,confirmatory_holdout,UNOPENED
sub-572,confirmatory_holdout,UNOPENED
sub-573,confirmatory_holdout,UNOPENED
sub-574,confirmatory_holdout,UNOPENED
sub-575,confirmatory_holdout,UNOPENED
sub-576,confirmatory_holdout,UNOPENED
sub-577,confirmatory_holdout,UNOPENED
sub-578,confirmatory_holdout,UNOPENED
sub-579,confirmatory_holdout,UNOPENED
sub-580,confirmatory_holdout,UNOPENED
sub-581,confirmatory_holdout,UNOPENED
sub-582,confirmatory_holdout,UNOPENED
sub-583,confirmatory_holdout,UNOPENED
sub-584,confirmatory_holdout,UNOPENED
sub-585,confirmatory_holdout,UNOPENED
sub-586,confirmatory_holdout,UNOPENED
sub-587,confirmatory_holdout,UNOPENED
sub-588,confirmatory_holdout,UNOPENED
sub-589,confirmatory_holdout,UNOPENED
sub-590,confirmatory_holdout,UNOPENED
sub-591,confirmatory_holdout,UNOPENED
sub-592,confirmatory_holdout,UNOPENED
sub-593,confirmatory_holdout,UNOPENED
sub-594,confirmatory_holdout,UNOPENED
sub-595,confirmatory_holdout,UNOPENED
sub-596,confirmatory_holdout,UNOPENED
sub-597,confirmatory_holdout,UNOPENED
sub-598,confirmatory_holdout,UNOPENED
sub-599,confirmatory_holdout,UNOPENED
sub-600,confirmatory_holdout,UNOPENED
sub-601,confirmatory_holdout,UNOPENED
sub-602,confirmatory_holdout,UNOPENED
sub-603,confirmatory_holdout,UNOPENED
sub-604,confirmatory_holdout,UNOPENED
sub-605,confirmatory_holdout,UNOPENED
sub-606,confirmatory_holdout,UNOPENED
sub-607,confirmatory_holdout,UNOPENED
sub-608,confirmatory_holdout,UNOPENED
